ad_archive_id,collation_id,is_active,start_date_formatted,end_date_formatted,page_name,snapshot.page_name,snapshot.title,snapshot.body.text,snapshot.cta_text,snapshot.display_format,snapshot.link_url,domain,url_path,utm_source,utm_medium,utm_campaign,category_code,utm_term,utm_content,funding_type_label,supplier_label,brand_label,campaign_period,creative_format,card_title,card_body,card_cta_text,card_image_url,card_video_hd_url,publisher_platform,country,retailer,platform,channel,snapshot_week,snapshot_month,publisher_platform_clean,facebook,instagram,audience_network,messenger,threads,whatsapp,landing_page_type,is_official_cw,mentions_cw_brand,tga_risk_flag,snapshot_date,start_date_formatted_dt,snapshot_run_datetime,campaign_age_days
2297774987626304,,True,2026-09-27 07:00:00,2026-09-27 07:00:00,Chemist Warehouse,Chemist Warehouse,Fragrance Flash Sale,Shop selected fragrances from Rabanne and SAVE!,Shop now,DCO,https://www.chemistwarehouse.com.au/shop-online/fragrance-sale?utm_source=facebook&utm_medium=social&utm_campaign=au_cw_house_facebook_social_puig_pacorabanne_542_sep26_200129-tactical_video-image&utm_term=traffic&utm_content=video-image_brand,www.chemistwarehouse.com.au,/shop-online/fragrance-sale,facebook,social,au_cw_house_facebook_social_puig_pacorabanne_542_sep26_200129-tactical_video-image,542,traffic,video-image_brand,House,Puig,Pacorabanne,sep26,video-image,Fragrance Flash Sale,Shop selected fragrances from Rabanne and SAVE!,Shop Now,,https://video-fco2-1.xx.fbcdn.net/o1/v/t2/f2/m366/AQOBjqvYpDQ__Bh-esWKEK-6lLUvPOZh7b--xNjv2UKYjJF2asanWArkIc2L3pY8xt578ZyIzi9xCsLDIr_rfRtHiZ_8tWguY_0V8lEf_UCINw.mp4?_nc_cat=110&_nc_sid=b66105&_nc_ht=video-fco2-1.xx.fbcdn.net&_nc_ohc=CvAJcWOb_j8Q7kNvwHo12mJ&efg=eyJ2ZW5jb2RlX3RhZyI6Inhwdl9wcm9ncmVzc2l2ZS5WSV9VU0VDQVNFX1BST0RVQ1RfVFlQRS4uQzMuNzIwLmRhc2hfaDI2NC1iYXNpYy1nZW4yXzcyMHAiLCJ4cHZfYXNzZXRfaWQiOjEwOTg3OTU2NTI2NjY0MDEsImFzc2V0X2FnZV9kYXlzIjozLCJ2aV91c2VjYXNlX2lkIjoxMDc5OSwiZHVyYXRpb25fcyI6MjQsInVybGdlbl9zb3VyY2UiOiJ3d3cifQ%3D%3D&ccb=17-1&vs=548cd102ec8e531c&_nc_vs=HBksFQIYRWZiX2VwaGVtZXJhbC8yMjQ1RTU5OTA5NkQzRjNEQkQ0MUQ3MDExOEExRTc4Q19tdF8xX3ZpZGVvX2Rhc2hpbml0Lm1wNBUAAsgBEgAVAhhAZmJfcGVybWFuZW50L0REODFDRkY0QTFGNjQxRjY4NjU5MEIzRjc3OTRBQTQwX2F1ZGlvX2Rhc2hpbml0Lm1wNBUCAsgBEgAoABgAGwKIB3VzZV9vaWwBMRJwcm9ncmVzc2l2ZV9yZWNpcGUBMRUAACbC0PbIqdbzAxUCKAJDMywXQDgZmZmZmZoYGWRhc2hfaDI2NC1iYXNpYy1nZW4yXzcyMHARAHUAZd6oAQA&_nc_gid=i88a7yTJxzwVobhl5vm7pg&_nc_ss=7f289&_nc_zt=28&oh=00_AQPwuK0bdavHS_xrLycg9OjyantPZJFCKkdDTLTYIbBMqA&oe=6ABF59A6,"['FACEBOOK', 'INSTAGRAM', 'AUDIENCE_NETWORK', 'WHATSAPP', 'THREADS']",au,cw,facebook,social,2026-W39,2026-09,"FACEBOOK, INSTAGRAM, AUDIENCE_NETWORK, WHATSAPP, THREADS",True,True,True,False,True,True,Brand/Category Page,True,False,False,2026-09-28,2026-09-27 07:00:00,2026-09-28 18:07:08.055830,1
1601205868351452,,True,2026-09-24 07:00:00,2026-09-27 07:00:00,Chemist Warehouse,Chemist Warehouse,Available at Chemist Warehouse,Freshen up with Lynx. Shop the range at Chemist Warehouse,Shop now,VIDEO,https://www.chemistwarehouse.com.au/shop-online/1193/lynx-men-s-deodorants?utm_source=facebook&utm_medium=social&utm_campaign=au_cw_oa_facebook_social_unileveraustralialimited_lynx_259_sep26_100544-oa_video&utm_term=traffic&utm_content=video_branding-video,www.chemistwarehouse.com.au,/shop-online/1193/lynx-men-s-deodorants,facebook,social,au_cw_oa_facebook_social_unileveraustralialimited_lynx_259_sep26_100544-oa_video,259,traffic,video_branding-video,O&O,Unileveraustralialimited,Lynx,sep26,video,,,,,,"['FACEBOOK', 'INSTAGRAM', 'AUDIENCE_NETWORK', 'WHATSAPP', 'THREADS']",au,cw,facebook,social,2026-W39,2026-09,"FACEBOOK, INSTAGRAM, AUDIENCE_NETWORK, WHATSAPP, THREADS",True,True,True,False,True,True,Brand/Category Page,True,True,False,2026-09-28,2026-09-24 07:00:00,2026-09-28 18:07:08.055830,4
1391489379818527,,True,2026-09-24 07:00:00,2026-09-27 07:00:00,Chemist Warehouse,Chemist Warehouse,Available at Chemist Warehouse,Freshen up with Lynx. Shop the range at Chemist Warehouse,Shop now,VIDEO,https://www.chemistwarehouse.com.au/shop-online/1193/lynx-men-s-deodorants?utm_source=facebook&utm_medium=social&utm_campaign=au_cw_oa_facebook_social_unileveraustralialimited_lynx_259_sep26_100544-oa_video&utm_term=traffic&utm_content=video_branding-video,www.chemistwarehouse.com.au,/shop-online/1193/lynx-men-s-deodorants,facebook,social,au_cw_oa_facebook_social_unileveraustralialimited_lynx_259_sep26_100544-oa_video,259,traffic,video_branding-video,O&O,Unileveraustralialimited,Lynx,sep26,video,,,,,,"['FACEBOOK', 'INSTAGRAM', 'AUDIENCE_NETWORK', 'WHATSAPP', 'THREADS']",au,cw,facebook,social,2026-W39,2026-09,"FACEBOOK, INSTAGRAM, AUDIENCE_NETWORK, WHATSAPP, THREADS",True,True,True,False,True,True,Brand/Category Page,True,True,False,2026-09-28,2026-09-24 07:00:00,2026-09-28 18:07:08.055830,4
1070800992610284,,True,2026-09-24 07:00:00,2026-09-27 07:00:00,Chemist Warehouse,Chemist Warehouse,Available at Chemist Warehouse,Freshen up with Lynx. Shop the range at Chemist Warehouse,Shop now,VIDEO,https://www.chemistwarehouse.com.au/shop-online/1193/lynx-men-s-deodorants?utm_source=facebook&utm_medium=social&utm_campaign=au_cw_oa_facebook_social_unileveraustralialimited_lynx_259_sep26_100544-oa_video&utm_term=traffic&utm_content=video_branding-video,www.chemistwarehouse.com.au,/shop-online/1193/lynx-men-s-deodorants,facebook,social,au_cw_oa_facebook_social_unileveraustralialimited_lynx_259_sep26_100544-oa_video,259,traffic,video_branding-video,O&O,Unileveraustralialimited,Lynx,sep26,video,,,,,,"['FACEBOOK', 'INSTAGRAM', 'AUDIENCE_NETWORK', 'WHATSAPP', 'THREADS']",au,cw,facebook,social,2026-W39,2026-09,"FACEBOOK, INSTAGRAM, AUDIENCE_NETWORK, WHATSAPP, THREADS",True,True,True,False,True,True,Brand/Category Page,True,True,False,2026-09-28,2026-09-24 07:00:00,2026-09-28 18:07:08.055830,4
3575240455957006,,True,2026-09-27 07:00:00,2026-09-27 07:00:00,Chemist Warehouse,Chemist Warehouse,Fragrance Flash Sale,Shop selected fragrances from Rabanne and SAVE!,Shop now,DCO,https://www.chemistwarehouse.com.au/shop-online/fragrance-sale?utm_source=facebook&utm_medium=social&utm_campaign=au_cw_house_facebook_social_puig_pacorabanne_542_sep26_200129-tactical_video-image&utm_term=traffic&utm_content=video-image_brand,www.chemistwarehouse.com.au,/shop-online/fragrance-sale,facebook,social,au_cw_house_facebook_social_puig_pacorabanne_542_sep26_200129-tactical_video-image,542,traffic,video-image_brand,House,Puig,Pacorabanne,sep26,video-image,Fragrance Flash Sale,Shop selected fragrances from Rabanne and SAVE!,Shop Now,https://scontent-fco2-1.xx.fbcdn.net/v/t39.35426-6/819524404_1361539609384283_1237554495826279211_n.jpg?_nc_cat=109&ccb=1-7&_nc_sid=c53f8f&_nc_ohc=HJycDqvHgh4Q7kNvwFz1KYZ&_nc_oc=AdpbDLfHPETH6WuLmZz9DMAsBgUy9sPMeWslkiXo-0WFV1ttWP6tjaCJ4UNmSlscNiE&_nc_zt=14&_nc_ht=scontent-fco2-1.xx&_nc_gid=i88a7yTJxzwVobhl5vm7pg&_nc_ss=7f289&oh=00_AQOahY7DT8j-lbu_CRWLAJuhCxJuarK04aDFpnbZyeNNQA&oe=6ABF75FF,,"['FACEBOOK', 'INSTAGRAM', 'AUDIENCE_NETWORK', 'WHATSAPP', 'THREADS']",au,cw,facebook,social,2026-W39,2026-09,"FACEBOOK, INSTAGRAM, AUDIENCE_NETWORK, WHATSAPP, THREADS",True,True,True,False,True,True,Brand/Category Page,True,False,False,2026-09-28,2026-09-27 07:00:00,2026-09-28 18:07:08.055830,1
1092557116892343,,True,2026-09-24 07:00:00,2026-09-27 07:00:00,Chemist Warehouse,Chemist Warehouse,Available at Chemist Warehouse,Freshen up with Lynx. Shop the range at Chemist Warehouse,Shop now,VIDEO,https://www.chemistwarehouse.com.au/shop-online/1193/lynx-men-s-deodorants?utm_source=facebook&utm_medium=social&utm_campaign=au_cw_oa_facebook_social_unileveraustralialimited_lynx_259_sep26_100544-oa_video&utm_term=traffic&utm_content=video_branding-video,www.chemistwarehouse.com.au,/shop-online/1193/lynx-men-s-deodorants,facebook,social,au_cw_oa_facebook_social_unileveraustralialimited_lynx_259_sep26_100544-oa_video,259,traffic,video_branding-video,O&O,Unileveraustralialimited,Lynx,sep26,video,,,,,,"['FACEBOOK', 'INSTAGRAM', 'AUDIENCE_NETWORK', 'WHATSAPP', 'THREADS']",au,cw,facebook,social,2026-W39,2026-09,"FACEBOOK, INSTAGRAM, AUDIENCE_NETWORK, WHATSAPP, THREADS",True,True,True,False,True,True,Brand/Category Page,True,True,False,2026-09-28,2026-09-24 07:00:00,2026-09-28 18:07:08.055830,4
1407486758175356,,True,2026-09-24 07:00:00,2026-09-27 07:00:00,Chemist Warehouse,Chemist Warehouse,Available at Chemist Warehouse,Freshen up with Lynx. Shop the range at Chemist Warehouse,Shop now,VIDEO,https://www.chemistwarehouse.com.au/shop-online/1193/lynx-men-s-deodorants?utm_source=facebook&utm_medium=social&utm_campaign=au_cw_oa_facebook_social_unileveraustralialimited_lynx_259_sep26_100544-oa_video&utm_term=traffic&utm_content=video_branding-video,www.chemistwarehouse.com.au,/shop-online/1193/lynx-men-s-deodorants,facebook,social,au_cw_oa_facebook_social_unileveraustralialimited_lynx_259_sep26_100544-oa_video,259,traffic,video_branding-video,O&O,Unileveraustralialimited,Lynx,sep26,video,,,,,,"['FACEBOOK', 'INSTAGRAM', 'AUDIENCE_NETWORK', 'WHATSAPP', 'THREADS']",au,cw,facebook,social,2026-W39,2026-09,"FACEBOOK, INSTAGRAM, AUDIENCE_NETWORK, WHATSAPP, THREADS",True,True,True,False,True,True,Brand/Category Page,True,True,False,2026-09-28,2026-09-24 07:00:00,2026-09-28 18:07:08.055830,4
2600343240486356,,True,2026-09-24 07:00:00,2026-09-27 07:00:00,Chemist Warehouse,Chemist Warehouse,Available at Chemist Warehouse,Freshen up with Lynx. Shop the range at Chemist Warehouse,Shop now,VIDEO,https://www.chemistwarehouse.com.au/shop-online/1193/lynx-men-s-deodorants?utm_source=facebook&utm_medium=social&utm_campaign=au_cw_oa_facebook_social_unileveraustralialimited_lynx_259_sep26_100544-oa_video&utm_term=traffic&utm_content=video_branding-video,www.chemistwarehouse.com.au,/shop-online/1193/lynx-men-s-deodorants,facebook,social,au_cw_oa_facebook_social_unileveraustralialimited_lynx_259_sep26_100544-oa_video,259,traffic,video_branding-video,O&O,Unileveraustralialimited,Lynx,sep26,video,,,,,,"['FACEBOOK', 'INSTAGRAM', 'AUDIENCE_NETWORK', 'WHATSAPP', 'THREADS']",au,cw,facebook,social,2026-W39,2026-09,"FACEBOOK, INSTAGRAM, AUDIENCE_NETWORK, WHATSAPP, THREADS",True,True,True,False,True,True,Brand/Category Page,True,True,False,2026-09-28,2026-09-24 07:00:00,2026-09-28 18:07:08.055830,4
28782410384721961,1075994141689584,True,2026-09-23 07:00:00,2026-09-27 07:00:00,Chemist Warehouse,Chemist Warehouse,Shop Optimum Nutrition,WIN an Optimum Nutrition prize pack + signed Harley Reid football. Enter now!,Shop now,VIDEO,https://www.chemistwarehouse.com.au/shop-online/3144/optimum-nutrition?utm_source=facebook&utm_medium=social&utm_campaign=au_cw_oa_facebook_social_glanbiaperformancenutrition_optimumnutrition_1255_2026_100079-oa_video-image&utm_term=traffic&utm_content=video-image_all,www.chemistwarehouse.com.au,/shop-online/3144/optimum-nutrition,facebook,social,au_cw_oa_facebook_social_glanbiaperformancenutrition_optimumnutrition_1255_2026_100079-oa_video-image,1255,traffic,video-image_all,O&O,Glanbiaperformancenutrition,Optimumnutrition,2026,video-image,,,,,,"['FACEBOOK', 'INSTAGRAM', 'WHATSAPP', 'THREADS']",au,cw,facebook,social,2026-W39,2026-09,"FACEBOOK, INSTAGRAM, WHATSAPP, THREADS",True,True,False,False,True,True,Brand/Category Page,True,False,False,2026-09-28,2026-09-23 07:00:00,2026-09-28 18:07:08.055830,5
957813243701766,28467558072906034,True,2026-09-23 07:00:00,2026-09-27 07:00:00,Chemist Warehouse,Chemist Warehouse,Chemist Warehouse,Chemist Warehouse Croydon Civic Square COST OF LIVING RELIEF SALE! Saturday 24TH October Only !,See details,CAROUSEL,https://www.chemistwarehouse.com.au/store-locator,www.chemistwarehouse.com.au,/store-locator,,,,,,,Not Specified,,,,, , ,See Details,https://scontent-fco2-1.xx.fbcdn.net/v/t39.35426-6/819539727_2227446127830955_3826659693633957239_n.jpg?_nc_cat=107&ccb=1-7&_nc_sid=c53f8f&_nc_ohc=vDYvWpI2k70Q7kNvwGBkPnU&_nc_oc=Ado0fxsNE0xPvHAyb6Xxvh2-kPYR_h6gBtsxj2ThYeKffEfMxcj8VO4RPzMUplZiGxk&_nc_zt=14&_nc_ht=scontent-fco2-1.xx&_nc_gid=i88a7yTJxzwVobhl5vm7pg&_nc_ss=7f289&oh=00_AQNFjNFxTw4h2Vmrm5Y9zq0powv8b6JBHAxzkp5mVKBChg&oe=6ABF539C,,"['FACEBOOK', 'INSTAGRAM', 'AUDIENCE_NETWORK', 'WHATSAPP', 'THREADS']",,,,,2026-W39,2026-09,"FACEBOOK, INSTAGRAM, AUDIENCE_NETWORK, WHATSAPP, THREADS",True,True,True,False,True,True,Store Locator,True,True,False,2026-09-28,2026-09-23 07:00:00,2026-09-28 18:07:08.055830,5
1384040310569348,1058097223787727,True,2026-09-23 07:00:00,2026-09-27 07:00:00,Chemist Warehouse,Chemist Warehouse,Delivery in under 3 hours*,Make the most of our HUGE Footy Finals SALE and get FREE Fast Delivery when you spend $30 online!,Shop now,DCO,https://www.chemistwarehouse.com.au/?utm_source=facebook&utm_medium=social&utm_campaign=au_cw_house_facebook_social_chemistwarehouse_chemistwarehouse_0_sep26_200112-freedelivery_video-image&utm_term=traffic&utm_content=video-image_brand,www.chemistwarehouse.com.au,/,facebook,social,au_cw_house_facebook_social_chemistwarehouse_chemistwarehouse_0_sep26_200112-freedelivery_video-image,0,traffic,video-image_brand,House,Chemistwarehouse,Chemistwarehouse,sep26,video-image,Delivery in under 3 hours*,Make the most of our HUGE Footy Finals SALE and get FREE Fast Delivery when you spend $30 online!,Shop Now,,https://video-fco2-1.xx.fbcdn.net/o1/v/t2/f2/m366/AQMD0qeB5LdgsasmNWnaPqLc66JF5Dr-oznqkBQ59t5I_LGSCatYmQ6_0I9CPLB3euGajb1AAXjNyrr_LSOHQ9c9DZJRYQ-Nw8_z99zoNzeIaA.mp4?_nc_cat=111&_nc_sid=b66105&_nc_ht=video-fco2-1.xx.fbcdn.net&_nc_ohc=WVdYQIT1hqkQ7kNvwELERgo&efg=eyJ2ZW5jb2RlX3RhZyI6Inhwdl9wcm9ncmVzc2l2ZS5WSV9VU0VDQVNFX1BST0RVQ1RfVFlQRS4uQzMuNzIwLmRhc2hfaDI2NC1iYXNpYy1nZW4yXzcyMHAiLCJ4cHZfYXNzZXRfaWQiOjE0MTExNDE2OTc4ODcyMDQsImFzc2V0X2FnZV9kYXlzIjo5LCJ2aV91c2VjYXNlX2lkIjoxMDc5OSwiZHVyYXRpb25fcyI6MTAsInVybGdlbl9zb3VyY2UiOiJ3d3cifQ%3D%3D&ccb=17-1&vs=68ec56220244d9cf&_nc_vs=HBksFQIYRWZiX2VwaGVtZXJhbC8yMzRERkM4NDA4Q0ZGREE4MUFGQUYwRjI3RkIzNUY4OV9tdF8xX3ZpZGVvX2Rhc2hpbml0Lm1wNBUAAsgBEgAVAhhAZmJfcGVybWFuZW50LzY2NEIyMUZDOUQ1OTZENUJGRTEyRkRFNkYzMzE0NkFEX2F1ZGlvX2Rhc2hpbml0Lm1wNBUCAsgBEgAoABgAGwKIB3VzZV9vaWwBMRJwcm9ncmVzc2l2ZV9yZWNpcGUBMRUAACbI74r6oNuBBRUCKAJDMywXQCQAAAAAAAAYGWRhc2hfaDI2NC1iYXNpYy1nZW4yXzcyMHARAHUAZd6oAQA&_nc_gid=i88a7yTJxzwVobhl5vm7pg&_nc_ss=7f289&_nc_zt=28&oh=00_AQNl4punMwGvCw7i5DLZykL_XtyL84Tu27YmrHhuFXRFjQ&oe=6ABF7F55,"['FACEBOOK', 'INSTAGRAM', 'AUDIENCE_NETWORK', 'WHATSAPP', 'THREADS']",au,cw,facebook,social,2026-W39,2026-09,"FACEBOOK, INSTAGRAM, AUDIENCE_NETWORK, WHATSAPP, THREADS",True,True,True,False,True,True,Homepage,True,False,False,2026-09-28,2026-09-23 07:00:00,2026-09-28 18:07:08.055830,5
1517644833454290,1418223706906033,True,2026-09-23 07:00:00,2026-09-27 07:00:00,Chemist Warehouse,Chemist Warehouse,Shop Optimum Nutrition,Maximise your life with Optimum Nutrition. Shop Now at Chemist Warehouse.,Shop now,VIDEO,https://www.chemistwarehouse.com.au/shop-online/3144/optimum-nutrition?utm_source=facebook&utm_medium=social&utm_campaign=au_cw_oa_facebook_social_glanbiaperformancenutrition_optimumnutrition_1255_2026_100079-oa_video-image&utm_term=traffic&utm_content=video-image_all,www.chemistwarehouse.com.au,/shop-online/3144/optimum-nutrition,facebook,social,au_cw_oa_facebook_social_glanbiaperformancenutrition_optimumnutrition_1255_2026_100079-oa_video-image,1255,traffic,video-image_all,O&O,Glanbiaperformancenutrition,Optimumnutrition,2026,video-image,,,,,,"['FACEBOOK', 'INSTAGRAM', 'WHATSAPP', 'THREADS']",au,cw,facebook,social,2026-W39,2026-09,"FACEBOOK, INSTAGRAM, WHATSAPP, THREADS",True,True,False,False,True,True,Brand/Category Page,True,True,False,2026-09-28,2026-09-23 07:00:00,2026-09-28 18:07:08.055830,5
1026009100455592,,True,2026-09-23 07:00:00,2026-09-27 07:00:00,Chemist Warehouse,Chemist Warehouse,FREE Fast Shipping,Make the most of our HUGE Footy Finals SALE and get FREE Fast Delivery when you spend $30 online!,Shop now,DCO,https://www.chemistwarehouse.com.au/?utm_source=facebook&utm_medium=social&utm_campaign=au_cw_house_facebook_social_chemistwarehouse_chemistwarehouse_0_sep26_200112-freedelivery_video-image&utm_term=traffic&utm_content=video-image_brand,www.chemistwarehouse.com.au,/,facebook,social,au_cw_house_facebook_social_chemistwarehouse_chemistwarehouse_0_sep26_200112-freedelivery_video-image,0,traffic,video-image_brand,House,Chemistwarehouse,Chemistwarehouse,sep26,video-image,FREE Fast Shipping,Make the most of our HUGE Footy Finals SALE and get FREE Fast Delivery when you spend $30 online!,Shop Now,https://scontent-fco2-1.xx.fbcdn.net/v/t39.35426-6/799681215_1633086305087140_4822693370303838173_n.jpg?_nc_cat=110&ccb=1-7&_nc_sid=c53f8f&_nc_ohc=7Qnl8Y0Y9v0Q7kNvwFQdKDi&_nc_oc=Adrl5GOiCLgu65edhYyFshl2MhxhanzFx7fHL-vmNDEQF8tSR1ZqZ5_yRfR1JF82cc4&_nc_zt=14&_nc_ht=scontent-fco2-1.xx&_nc_gid=i88a7yTJxzwVobhl5vm7pg&_nc_ss=7f289&oh=00_AQPeQov7eQQkCQ-Oj7uhc_N0fw-HyTJNNUW9Uo7Hz3kJLQ&oe=6ABF7E05,,"['FACEBOOK', 'INSTAGRAM', 'AUDIENCE_NETWORK', 'WHATSAPP', 'THREADS']",au,cw,facebook,social,2026-W39,2026-09,"FACEBOOK, INSTAGRAM, AUDIENCE_NETWORK, WHATSAPP, THREADS",True,True,True,False,True,True,Homepage,True,False,False,2026-09-28,2026-09-23 07:00:00,2026-09-28 18:07:08.055830,5
1458699212793102,,True,2026-09-23 07:00:00,2026-09-27 07:00:00,Chemist Warehouse,Chemist Warehouse,Shop Biore at Chemist Warehouse,Shop Biore Aqua Rich UV now at Chemist Warehouse,Shop now,VIDEO,https://www.chemistwarehouse.com.au/shop-online/5438/biore?utm_source=facebook&utm_medium=social&utm_campaign=au_cw_oa_facebook_social_kaoaustraliaptylimited_biore_665_sep26_100518-oa_video-image&utm_term=traffic&utm_content=video-image_,www.chemistwarehouse.com.au,/shop-online/5438/biore,facebook,social,au_cw_oa_facebook_social_kaoaustraliaptylimited_biore_665_sep26_100518-oa_video-image,665,traffic,video-image_,O&O,Kaoaustraliaptylimited,Biore,sep26,video-image,,,,,,"['FACEBOOK', 'INSTAGRAM', 'AUDIENCE_NETWORK', 'WHATSAPP', 'THREADS']",au,cw,facebook,social,2026-W39,2026-09,"FACEBOOK, INSTAGRAM, AUDIENCE_NETWORK, WHATSAPP, THREADS",True,True,True,False,True,True,Brand/Category Page,True,True,False,2026-09-28,2026-09-23 07:00:00,2026-09-28 18:07:08.055830,5
1637093194468383,,True,2026-09-23 07:00:00,2026-09-27 07:00:00,Chemist Warehouse,Chemist Warehouse,Shop Biore at Chemist Warehouse,Shop Biore Aqua Rich UV now at Chemist Warehouse,Shop now,VIDEO,https://www.chemistwarehouse.com.au/shop-online/5438/biore?utm_source=facebook&utm_medium=social&utm_campaign=au_cw_oa_facebook_social_kaoaustraliaptylimited_biore_665_sep26_100518-oa_video-image&utm_term=traffic&utm_content=video-image_,www.chemistwarehouse.com.au,/shop-online/5438/biore,facebook,social,au_cw_oa_facebook_social_kaoaustraliaptylimited_biore_665_sep26_100518-oa_video-image,665,traffic,video-image_,O&O,Kaoaustraliaptylimited,Biore,sep26,video-image,,,,,,"['FACEBOOK', 'INSTAGRAM', 'AUDIENCE_NETWORK', 'WHATSAPP', 'THREADS']",au,cw,facebook,social,2026-W39,2026-09,"FACEBOOK, INSTAGRAM, AUDIENCE_NETWORK, WHATSAPP, THREADS",True,True,True,False,True,True,Brand/Category Page,True,True,False,2026-09-28,2026-09-23 07:00:00,2026-09-28 18:07:08.055830,5
1434928752066204,1122736657080721,True,2026-09-22 07:00:00,2026-09-27 07:00:00,Chemist Warehouse,Chemist Warehouse,Now 1/2 Price off RRP!,Shop L’Oreal Men Expert Deodorant at Chemist Warehouse.,Shop now,DCO,https://www.chemistwarehouse.com.au/buy/145010/l-oreal-men-expert-hydra-energetic-extreme-sport-aerosol-deo-250ml?utm_source=facebook&utm_medium=social&utm_campaign=au_cw_oa_facebook_social_lorealaustraliaptyltd_lorealparis_259_sep26_100799-mensexpert_video&utm_term=traffic&utm_content=video_brand,www.chemistwarehouse.com.au,/buy/145010/l-oreal-men-expert-hydra-energetic-extreme-sport-aerosol-deo-250ml,facebook,social,au_cw_oa_facebook_social_lorealaustraliaptyltd_lorealparis_259_sep26_100799-mensexpert_video,259,traffic,video_brand,O&O,Lorealaustraliaptyltd,Lorealparis,sep26,video,Now 1/2 Price off RRP!,Shop L’Oreal Men Expert Deodorant at Chemist Warehouse.,Shop Now,,https://video-fco2-1.xx.fbcdn.net/o1/v/t2/f2/m366/AQNXfXy0kBE_9IOuRCDHkmZL5d_sQ4Pw_8475IbJGf8nHpgJn6wqmPGz_OVd3Z4WGo2M_U-ky83z4ZE75ycKnwvMURxIHBc1NfgYiAfOiv9o_Q.mp4?_nc_cat=104&_nc_sid=b66105&_nc_ht=video-fco2-1.xx.fbcdn.net&_nc_ohc=6FrNqfDeuu8Q7kNvwGLpTFw&efg=eyJ2ZW5jb2RlX3RhZyI6Inhwdl9wcm9ncmVzc2l2ZS5WSV9VU0VDQVNFX1BST0RVQ1RfVFlQRS4uQzMuNzIwLmRhc2hfaDI2NC1iYXNpYy1nZW4yXzcyMHAiLCJ4cHZfYXNzZXRfaWQiOjMzNjgyOTk0NTY4OTE4MjUsImFzc2V0X2FnZV9kYXlzIjo0LCJ2aV91c2VjYXNlX2lkIjoxMDc5OSwiZHVyYXRpb25fcyI6MjUsInVybGdlbl9zb3VyY2UiOiJ3d3cifQ%3D%3D&ccb=17-1&vs=f9aaff4a612bf559&_nc_vs=HBksFQIYRWZiX2VwaGVtZXJhbC8wNzQ2NUZBMEREODc2Q0Q0QTBERUZEQTE5QjBDRjk5NF9tdF8xX3ZpZGVvX2Rhc2hpbml0Lm1wNBUAAsgBEgAVAhhAZmJfcGVybWFuZW50LzE1NEVEQTE4RTU3RTA3MzcyNEMxQUM2OTQ1RTVGODlCX2F1ZGlvX2Rhc2hpbml0Lm1wNBUCAsgBEgAoABgAGwKIB3VzZV9vaWwBMRJwcm9ncmVzc2l2ZV9yZWNpcGUBMRUAACbiroDK6tz7CxUCKAJDMywXQDkZmZmZmZoYGWRhc2hfaDI2NC1iYXNpYy1nZW4yXzcyMHARAHUAZd6oAQA&_nc_gid=i88a7yTJxzwVobhl5vm7pg&_nc_ss=7f289&_nc_zt=28&oh=00_AQOk4BdDEsPImVvNRYW39mUzg9GW53G9PAv7n4eId_svjg&oe=6ABF7884,"['FACEBOOK', 'INSTAGRAM', 'AUDIENCE_NETWORK', 'WHATSAPP', 'THREADS']",au,cw,facebook,social,2026-W39,2026-09,"FACEBOOK, INSTAGRAM, AUDIENCE_NETWORK, WHATSAPP, THREADS",True,True,True,False,True,True,SKU Product,True,True,False,2026-09-28,2026-09-22 07:00:00,2026-09-28 18:07:08.055830,6
2565562337283560,2263252197803028,True,2026-09-21 07:00:00,2026-09-27 07:00:00,Chemist Warehouse,Chemist Warehouse,"Ancient wisdom, Modern medicine",Shop Fusion now at Chemist Warehouse.,Shop now,IMAGE,https://www.chemistwarehouse.com.au/shop-online/5554/fusion?utm_source=facebook&utm_medium=social&utm_campaign=au_cw_oa_facebook_social_mcphersonsconsumerproducts_fusion_81_2026_100485-oa_video-image&utm_term=traffic&utm_content=video-image_all,www.chemistwarehouse.com.au,/shop-online/5554/fusion,facebook,social,au_cw_oa_facebook_social_mcphersonsconsumerproducts_fusion_81_2026_100485-oa_video-image,81,traffic,video-image_all,O&O,Mcphersonsconsumerproducts,Fusion,2026,video-image,,,,,,"['FACEBOOK', 'INSTAGRAM', 'AUDIENCE_NETWORK', 'WHATSAPP', 'THREADS']",au,cw,facebook,social,2026-W39,2026-09,"FACEBOOK, INSTAGRAM, AUDIENCE_NETWORK, WHATSAPP, THREADS",True,True,True,False,True,True,Brand/Category Page,True,True,False,2026-09-28,2026-09-21 07:00:00,2026-09-28 18:07:08.055830,7
4110070019125862,2153593232030397,True,2026-09-21 07:00:00,2026-09-27 07:00:00,Chemist Warehouse,Chemist Warehouse,"Ancient wisdom, Modern medicine",Shop Fusion now at Chemist Warehouse.,Shop now,IMAGE,https://www.chemistwarehouse.com.au/shop-online/5554/fusion?utm_source=facebook&utm_medium=social&utm_campaign=au_cw_oa_facebook_social_mcphersonsconsumerproducts_fusion_81_2026_100485-oa_video-image&utm_term=traffic&utm_content=video-image_all,www.chemistwarehouse.com.au,/shop-online/5554/fusion,facebook,social,au_cw_oa_facebook_social_mcphersonsconsumerproducts_fusion_81_2026_100485-oa_video-image,81,traffic,video-image_all,O&O,Mcphersonsconsumerproducts,Fusion,2026,video-image,,,,,,"['FACEBOOK', 'INSTAGRAM', 'AUDIENCE_NETWORK', 'WHATSAPP', 'THREADS']",au,cw,facebook,social,2026-W39,2026-09,"FACEBOOK, INSTAGRAM, AUDIENCE_NETWORK, WHATSAPP, THREADS",True,True,True,False,True,True,Brand/Category Page,True,True,False,2026-09-28,2026-09-21 07:00:00,2026-09-28 18:07:08.055830,7
1110791894809636,1576622443395540,True,2026-09-21 07:00:00,2026-09-27 07:00:00,Chemist Warehouse,Chemist Warehouse,"Ancient wisdom, Modern medicine",Shop Fusion now at Chemist Warehouse.,See details,DCO,https://www.chemistwarehouse.com.au/shop-online/5554/fusion?utm_source=facebook&utm_medium=social&utm_campaign=au_cw_oa_facebook_social_mcphersonsconsumerproducts_fusion_81_2026_100485-oa_video-image&utm_term=traffic&utm_content=video-image_all,www.chemistwarehouse.com.au,/shop-online/5554/fusion,facebook,social,au_cw_oa_facebook_social_mcphersonsconsumerproducts_fusion_81_2026_100485-oa_video-image,81,traffic,video-image_all,O&O,Mcphersonsconsumerproducts,Fusion,2026,video-image,"Ancient wisdom, Modern medicine",Shop Fusion now at Chemist Warehouse.,See Details,,https://video-fco2-1.xx.fbcdn.net/o1/v/t2/f2/m366/AQNYZDBYxF0Y8gtI6eA-er9TnTJIFBZqLuwNhviNE7UjFgVN1lLYRV8_iyMRUcND8QG-BpKIl082mrMnRPVF0DPKW2p_ZEdV4CqnkbFyg396vw.mp4?_nc_cat=107&_nc_sid=b66105&_nc_ht=video-fco2-1.xx.fbcdn.net&_nc_ohc=rsiD83yKPF8Q7kNvwEf2bdo&efg=eyJ2ZW5jb2RlX3RhZyI6Inhwdl9wcm9ncmVzc2l2ZS5WSV9VU0VDQVNFX1BST0RVQ1RfVFlQRS4uQzMuNzIwLmRhc2hfaDI2NC1iYXNpYy1nZW4yXzcyMHAiLCJ4cHZfYXNzZXRfaWQiOjIzMzc5OTE0NjM2ODM4MDAsImFzc2V0X2FnZV9kYXlzIjo1LCJ2aV91c2VjYXNlX2lkIjoxMDc5OSwiZHVyYXRpb25fcyI6NiwidXJsZ2VuX3NvdXJjZSI6Ind3dyJ9&ccb=17-1&vs=a64a03f0fde526bd&_nc_vs=HBksFQIYRWZiX2VwaGVtZXJhbC9CMkZBMkM5Njg3MUI0QTAwOTk3MDk3RUYyNjZFRjgyMF9tdF8xX3ZpZGVvX2Rhc2hpbml0Lm1wNBUAAsgBEgAVAhhAZmJfcGVybWFuZW50LzUxNTQ5RERBODQzQzQzRjA5NjY0MUIyMUY2QjY5RDExX2F1ZGlvX2Rhc2hpbml0Lm1wNBUCAsgBEgAoABgAGwKIB3VzZV9vaWwBMRJwcm9ncmVzc2l2ZV9yZWNpcGUBMRUAACawm_LqgZmnCBUCKAJDMywXQBgAAAAAAAAYGWRhc2hfaDI2NC1iYXNpYy1nZW4yXzcyMHARAHUAZd6oAQA&_nc_gid=i88a7yTJxzwVobhl5vm7pg&_nc_ss=7f289&_nc_zt=28&oh=00_AQOxXFWF6KSpuaVakXTaldIQ1B_1H1z-uF2VJo72peQ3Zw&oe=6ABF6081,"['FACEBOOK', 'INSTAGRAM', 'AUDIENCE_NETWORK', 'WHATSAPP', 'THREADS']",au,cw,facebook,social,2026-W39,2026-09,"FACEBOOK, INSTAGRAM, AUDIENCE_NETWORK, WHATSAPP, THREADS",True,True,True,False,True,True,Brand/Category Page,True,True,False,2026-09-28,2026-09-21 07:00:00,2026-09-28 18:07:08.055830,7
1086346827656555,1921140402196298,True,2026-09-21 07:00:00,2026-09-27 07:00:00,Chemist Warehouse,Chemist Warehouse,"Ancient wisdom, Modern medicine",Shop Fusion now at Chemist Warehouse.,Shop now,DCO,https://www.chemistwarehouse.com.au/shop-online/5554/fusion?utm_source=facebook&utm_medium=social&utm_campaign=au_cw_oa_facebook_social_mcphersonsconsumerproducts_fusion_81_2026_100485-oa_video-image&utm_term=traffic&utm_content=video-image_all,www.chemistwarehouse.com.au,/shop-online/5554/fusion,facebook,social,au_cw_oa_facebook_social_mcphersonsconsumerproducts_fusion_81_2026_100485-oa_video-image,81,traffic,video-image_all,O&O,Mcphersonsconsumerproducts,Fusion,2026,video-image,"Ancient wisdom, Modern medicine",Shop Fusion now at Chemist Warehouse.,Shop Now,,https://video-fco2-1.xx.fbcdn.net/o1/v/t2/f2/m366/AQNcJkwEjawibBAcZBGCYATmoEfrxWflL-R5L1Ayf9LQ7w-gqJ6M9W1ewWEIhmVqo17xDoBsoOOdzkSNzqq1FFWrapcv3-iDppeu7CLaiokD1Q.mp4?_nc_cat=109&_nc_sid=b66105&_nc_ht=video-fco2-1.xx.fbcdn.net&_nc_ohc=DUEyrGuwYMkQ7kNvwES5ESq&efg=eyJ2ZW5jb2RlX3RhZyI6Inhwdl9wcm9ncmVzc2l2ZS5WSV9VU0VDQVNFX1BST0RVQ1RfVFlQRS4uQzMuNzIwLmRhc2hfaDI2NC1iYXNpYy1nZW4yXzcyMHAiLCJ4cHZfYXNzZXRfaWQiOjMyMjU3OTc3NjA5NDE1NTcsImFzc2V0X2FnZV9kYXlzIjo1LCJ2aV91c2VjYXNlX2lkIjoxMDc5OSwiZHVyYXRpb25fcyI6NiwidXJsZ2VuX3NvdXJjZSI6Ind3dyJ9&ccb=17-1&vs=67c83a35cb366ca9&_nc_vs=HBksFQIYRWZiX2VwaGVtZXJhbC9CNDQ1M0YwRDhFRjE4MjQzNkIzQUFCN0NDNEUyREI4OF9tdF8xX3ZpZGVvX2Rhc2hpbml0Lm1wNBUAAsgBEgAVAhhAZmJfcGVybWFuZW50LzZEN0Q3Q0QyRUVBQzRCQTQ4Qzk0MzMxMDcyOUY1QzQ2X2F1ZGlvX2Rhc2hpbml0Lm1wNBUCAsgBEgAoABgAGwKIB3VzZV9vaWwBMRJwcm9ncmVzc2l2ZV9yZWNpcGUBMRUAACbq98Oakva6CxUCKAJDMywXQBgAAAAAAAAYGWRhc2hfaDI2NC1iYXNpYy1nZW4yXzcyMHARAHUAZd6oAQA&_nc_gid=i88a7yTJxzwVobhl5vm7pg&_nc_ss=7f289&_nc_zt=28&oh=00_AQO76jl4GApk5GIQvhDsmPzPguYLZqWgfeEKmHJO4nYJhA&oe=6ABF6B6B,"['FACEBOOK', 'INSTAGRAM', 'AUDIENCE_NETWORK', 'WHATSAPP', 'THREADS']",au,cw,facebook,social,2026-W39,2026-09,"FACEBOOK, INSTAGRAM, AUDIENCE_NETWORK, WHATSAPP, THREADS",True,True,True,False,True,True,Brand/Category Page,True,True,False,2026-09-28,2026-09-21 07:00:00,2026-09-28 18:07:08.055830,7
1438058978239969,28343659131909650,True,2026-09-21 07:00:00,2026-09-27 07:00:00,Chemist Warehouse,Chemist Warehouse,ONE CAPSULE A DAY,Ready to start your hair growth journey? Try Hair + Energy with 1000's of 5-star reviews ⭐,Shop now,VIDEO,https://fb.com/canvas_doc/1406648140887933,fb.com,/canvas_doc/1406648140887933,,,,,,,Not Specified,,,,,,,,,,"['FACEBOOK', 'INSTAGRAM', 'MESSENGER', 'THREADS']",,,,,2026-W39,2026-09,"FACEBOOK, INSTAGRAM, MESSENGER, THREADS",True,True,False,True,True,False,Internal/App Page,True,False,False,2026-09-28,2026-09-21 07:00:00,2026-09-28 18:07:08.055830,7
1092199550023513,,True,2026-09-21 07:00:00,2026-09-27 07:00:00,Chemist Warehouse,Chemist Warehouse,JSHEALTH VITAMINS,Ready to start your hair health journey? Tackle your hair concerns with JSHealth's 2-step topical and ingestible approach.,Shop now,IMAGE,https://fb.com/canvas_doc/1403940558585023,fb.com,/canvas_doc/1403940558585023,,,,,,,Not Specified,,,,,,,,,,"['FACEBOOK', 'INSTAGRAM', 'MESSENGER', 'THREADS']",,,,,2026-W39,2026-09,"FACEBOOK, INSTAGRAM, MESSENGER, THREADS",True,True,False,True,True,False,Internal/App Page,True,False,False,2026-09-28,2026-09-21 07:00:00,2026-09-28 18:07:08.055830,7
1408800594723702,,True,2026-09-21 07:00:00,2026-09-27 07:00:00,Chemist Warehouse,Chemist Warehouse,JSHEALTH VITAMINS,Ready to start your hair health journey? Tackle your hair concerns with JSHealth's 2-step topical and ingestible approach.,Shop now,IMAGE,https://fb.com/canvas_doc/1045857851786138,fb.com,/canvas_doc/1045857851786138,,,,,,,Not Specified,,,,,,,,,,"['FACEBOOK', 'INSTAGRAM', 'MESSENGER', 'THREADS']",,,,,2026-W39,2026-09,"FACEBOOK, INSTAGRAM, MESSENGER, THREADS",True,True,False,True,True,False,Internal/App Page,True,False,False,2026-09-28,2026-09-21 07:00:00,2026-09-28 18:07:08.055830,7
28409642152022274,,True,2026-09-21 07:00:00,2026-09-26 07:00:00,Chemist Warehouse,Chemist Warehouse,ONE CAPSULE A DAY,Ready to start your hair growth journey? Try Hair + Energy with 1000's of 5-star reviews ⭐,Shop now,IMAGE,https://fb.com/canvas_doc/1866726787641727,fb.com,/canvas_doc/1866726787641727,,,,,,,Not Specified,,,,,,,,,,"['FACEBOOK', 'INSTAGRAM', 'MESSENGER', 'THREADS']",,,,,2026-W39,2026-09,"FACEBOOK, INSTAGRAM, MESSENGER, THREADS",True,True,False,True,True,False,Internal/App Page,True,False,False,2026-09-28,2026-09-21 07:00:00,2026-09-28 18:07:08.055830,7
1523049286203119,,True,2026-09-21 07:00:00,2026-09-26 07:00:00,Chemist Warehouse,Chemist Warehouse,ONE CAPSULE A DAY,Ready to start your hair growth journey? Try Hair + Energy with 1000's of 5-star reviews ⭐,Shop now,IMAGE,https://fb.com/canvas_doc/1095268156285494,fb.com,/canvas_doc/1095268156285494,,,,,,,Not Specified,,,,,,,,,,"['FACEBOOK', 'INSTAGRAM', 'MESSENGER', 'THREADS']",,,,,2026-W39,2026-09,"FACEBOOK, INSTAGRAM, MESSENGER, THREADS",True,True,False,True,True,False,Internal/App Page,True,False,False,2026-09-28,2026-09-21 07:00:00,2026-09-28 18:07:08.055830,7
1688453989314940,,True,2026-09-20 07:00:00,2026-09-27 07:00:00,Chemist Warehouse,Chemist Warehouse,Try JOICO Humidity Blocker+,"This Try it Tuesday, Mija takes on the #OfficeAir with JOICO Humidity Blocker+ A finishing spray designed to help protect hair from frizz and humidity. With until the end to see the results!",Shop now,VIDEO,https://www.chemistwarehouse.com.au/buy/133067/joico-humidity-blocker-plus-180ml?utm_source=facebook&utm_medium=social&utm_campaign=au_cw_oa_facebook_social_bgposuppliersptyltd_joico_129_sep26_100557-tryittuesdays_video&utm_term=traffic&utm_content=video_brand,www.chemistwarehouse.com.au,/buy/133067/joico-humidity-blocker-plus-180ml,facebook,social,au_cw_oa_facebook_social_bgposuppliersptyltd_joico_129_sep26_100557-tryittuesdays_video,129,traffic,video_brand,O&O,Bgposuppliersptyltd,Joico,sep26,video,,,,,,"['FACEBOOK', 'INSTAGRAM', 'AUDIENCE_NETWORK', 'WHATSAPP', 'THREADS']",au,cw,facebook,social,2026-W39,2026-09,"FACEBOOK, INSTAGRAM, AUDIENCE_NETWORK, WHATSAPP, THREADS",True,True,True,False,True,True,SKU Product,True,False,False,2026-09-28,2026-09-20 07:00:00,2026-09-28 18:07:08.055830,8
1418774867020842,,True,2026-09-17 07:00:00,2026-09-27 07:00:00,Chemist Warehouse,Chemist Warehouse,½ price off RRP Entire Elucent Range! Refresh your Skin Routine,Refresh your skincare routine with Elucent. Shop ½ price off RRP the entire Elucent range now at Chemist Warehouse!,Shop now,VIDEO,https://www.chemistwarehouse.com.au/shop-online/1469/elucent?utm_source=facebook&utm_medium=video&utm_campaign=au_cw_oa_facebook_video_egopharmaceuticalsptyltd_elucent_665_sep26_100788-oa_video&utm_term=traffic&utm_content=video_video,www.chemistwarehouse.com.au,/shop-online/1469/elucent,facebook,video,au_cw_oa_facebook_video_egopharmaceuticalsptyltd_elucent_665_sep26_100788-oa_video,665,traffic,video_video,O&O,Egopharmaceuticalsptyltd,Elucent,sep26,video,,,,,,"['FACEBOOK', 'INSTAGRAM', 'WHATSAPP']",au,cw,facebook,video,2026-W39,2026-09,"FACEBOOK, INSTAGRAM, WHATSAPP",True,True,False,False,False,True,Brand/Category Page,True,True,False,2026-09-28,2026-09-17 07:00:00,2026-09-28 18:07:08.055830,11
2276859986403761,1316464187082412,True,2026-09-17 07:00:00,2026-09-27 07:00:00,Chemist Warehouse,Chemist Warehouse,Save Big on Fragrance,"Save on selected Fragrances products, including David Beckham, Yves Saint Laurent, Burberry + more!",Shop now,DCO,https://www.chemistwarehouse.com.au/shop-online/542/fragrances?utm_source=facebook&utm_medium=social&utm_campaign=au_cw_house_facebook_social_chemistwarehouse_chemistwarehouse_0_sep26_200112-footyfinals_video-image&utm_term=traffic&utm_content=video-image_brand,www.chemistwarehouse.com.au,/shop-online/542/fragrances,facebook,social,au_cw_house_facebook_social_chemistwarehouse_chemistwarehouse_0_sep26_200112-footyfinals_video-image,0,traffic,video-image_brand,House,Chemistwarehouse,Chemistwarehouse,sep26,video-image,Save Big on Fragrance,"Save on selected Fragrances products, including David Beckham, Yves Saint Laurent, Burberry + more!",Shop Now,https://scontent-fco2-1.xx.fbcdn.net/v/t39.35426-6/813790751_4366623020221284_3261310035922970809_n.jpg?_nc_cat=110&ccb=1-7&_nc_sid=c53f8f&_nc_ohc=QhnGdjBBNrMQ7kNvwHqBqO2&_nc_oc=AdoCB_q9MR65ip-k6OKjalS7nfhZF_KnFtDIQR5FkRjwyJPwRly33-7MPwweDmgL2dc&_nc_zt=14&_nc_ht=scontent-fco2-1.xx&_nc_gid=i88a7yTJxzwVobhl5vm7pg&_nc_ss=7f289&oh=00_AQPp0Z-QhMAHP-1L0DwVNhigfBK5yvpwo7MdCiu1jkF-hg&oe=6ABF7E0D,,"['FACEBOOK', 'INSTAGRAM', 'AUDIENCE_NETWORK', 'MESSENGER', 'WHATSAPP', 'THREADS']",au,cw,facebook,social,2026-W39,2026-09,"FACEBOOK, INSTAGRAM, AUDIENCE_NETWORK, MESSENGER, WHATSAPP, THREADS",True,True,True,True,True,True,Brand/Category Page,True,False,False,2026-09-28,2026-09-17 07:00:00,2026-09-28 18:07:08.055830,11
1630490015434541,1079270074984555,True,2026-09-17 07:00:00,2026-09-26 07:00:00,Chemist Warehouse,Chemist Warehouse,Save on Hair care!,"Get up to 40% Off RRP selected Hair Care products, including Pantene, Mimi Kids, Revlon + more!",Shop now,DCO,https://www.chemistwarehouse.com.au/shop-online/129/hair-care?utm_source=facebook&utm_medium=social&utm_campaign=au_cw_house_facebook_social_chemistwarehouse_chemistwarehouse_0_sep26_200112-footyfinals_video-image&utm_term=traffic&utm_content=video-image_brand,www.chemistwarehouse.com.au,/shop-online/129/hair-care,facebook,social,au_cw_house_facebook_social_chemistwarehouse_chemistwarehouse_0_sep26_200112-footyfinals_video-image,0,traffic,video-image_brand,House,Chemistwarehouse,Chemistwarehouse,sep26,video-image,Save on Hair care!,"Get up to 40% Off RRP selected Hair Care products, including Pantene, Mimi Kids, Revlon + more!",Shop Now,https://scontent-fco2-1.xx.fbcdn.net/v/t39.35426-6/814691984_1409810327945167_4206028137640782561_n.jpg?_nc_cat=110&ccb=1-7&_nc_sid=c53f8f&_nc_ohc=mljZqbM_yF0Q7kNvwEdTUAf&_nc_oc=AdomzA9d_XwAbetcU7zHsoJWIbDTP3XZSIBmJxl89z6QykkL6hwDX_ZADCL_FIBS2yo&_nc_zt=14&_nc_ht=scontent-fco2-1.xx&_nc_gid=i88a7yTJxzwVobhl5vm7pg&_nc_ss=7f289&oh=00_AQPLCTah3VtK2rCLBscThepzO8ojMaLqCO2QOENkSceO-g&oe=6ABF5735,,"['FACEBOOK', 'INSTAGRAM', 'AUDIENCE_NETWORK', 'MESSENGER', 'WHATSAPP', 'THREADS']",au,cw,facebook,social,2026-W39,2026-09,"FACEBOOK, INSTAGRAM, AUDIENCE_NETWORK, MESSENGER, WHATSAPP, THREADS",True,True,True,True,True,True,Brand/Category Page,True,False,False,2026-09-28,2026-09-17 07:00:00,2026-09-28 18:07:08.055830,11
4604174949802603,1046436664877439,True,2026-09-17 07:00:00,2026-09-26 07:00:00,Chemist Warehouse,Chemist Warehouse,Save Big on Vitamins & Supplements,"Get up to 1/2 Price Off RRP selected Vitamins & Supplements products, including Swisse, Blackmores, VOOST & more!",Shop now,DCO,https://www.chemistwarehouse.com.au/shop-online/81/vitamins-supplements?utm_source=facebook&utm_medium=social&utm_campaign=au_cw_house_facebook_social_chemistwarehouse_chemistwarehouse_0_sep26_200112-footyfinals_video-image&utm_term=traffic&utm_content=video-image_brand,www.chemistwarehouse.com.au,/shop-online/81/vitamins-supplements,facebook,social,au_cw_house_facebook_social_chemistwarehouse_chemistwarehouse_0_sep26_200112-footyfinals_video-image,0,traffic,video-image_brand,House,Chemistwarehouse,Chemistwarehouse,sep26,video-image,Save Big on Vitamins & Supplements,"Get up to 1/2 Price Off RRP selected Vitamins & Supplements products, including Swisse, Blackmores, VOOST & more!",Shop Now,,https://video-fco2-1.xx.fbcdn.net/o1/v/t2/f2/m366/AQO30jTFgysEjJ06qRDm-iw7UUh354FoT0qXnnPL8elnJj9YImD7SGZAH13Wl1D__S952TrFCjCis9_RFykFdjewNjC1E3dV_hDr_WBrZOf5DA.mp4?_nc_cat=105&_nc_sid=b66105&_nc_ht=video-fco2-1.xx.fbcdn.net&_nc_ohc=SrBd70fYOdMQ7kNvwEOnXAf&efg=eyJ2ZW5jb2RlX3RhZyI6Inhwdl9wcm9ncmVzc2l2ZS5WSV9VU0VDQVNFX1BST0RVQ1RfVFlQRS4uQzMuNzIwLmRhc2hfaDI2NC1iYXNpYy1nZW4yXzcyMHAiLCJ4cHZfYXNzZXRfaWQiOjEwNjYxOTE4NTI4Njg5NzksImFzc2V0X2FnZV9kYXlzIjo5LCJ2aV91c2VjYXNlX2lkIjoxMDc5OSwiZHVyYXRpb25fcyI6MjAsInVybGdlbl9zb3VyY2UiOiJ3d3cifQ%3D%3D&ccb=17-1&vs=466f01bc32c124f0&_nc_vs=HBksFQIYRWZiX2VwaGVtZXJhbC9GNDQ5NTM5OTZFRjkyMzhDRTZGNEI0QzRGRjQ4MTU5NV9tdF8xX3ZpZGVvX2Rhc2hpbml0Lm1wNBUAAsgBEgAVAhhAZmJfcGVybWFuZW50L0U0NDkxNEM1MjRFOTBCRkE4MTA1NTUyNDRBNzBBOEE4X2F1ZGlvX2Rhc2hpbml0Lm1wNBUCAsgBEgAoABgAGwKIB3VzZV9vaWwBMRJwcm9ncmVzc2l2ZV9yZWNpcGUBMRUAACbm1biqxOzkAxUCKAJDMywXQDSVP3ztkWgYGWRhc2hfaDI2NC1iYXNpYy1nZW4yXzcyMHARAHUAZd6oAQA&_nc_gid=i88a7yTJxzwVobhl5vm7pg&_nc_ss=7f289&_nc_zt=28&oh=00_AQO39Ku-H9cczkv-ErXoohtu1rRXZW3TZY3oPHmWWIgskw&oe=6ABF658F,"['FACEBOOK', 'INSTAGRAM', 'AUDIENCE_NETWORK', 'MESSENGER', 'WHATSAPP', 'THREADS']",au,cw,facebook,social,2026-W39,2026-09,"FACEBOOK, INSTAGRAM, AUDIENCE_NETWORK, MESSENGER, WHATSAPP, THREADS",True,True,True,True,True,True,Brand/Category Page,True,False,False,2026-09-28,2026-09-17 07:00:00,2026-09-28 18:07:08.055830,11
